algo,seed,return_mean,success_rate,animal_lost_rate,truncated_rate,battery_depleted_rate,battery_spent_mean,steps_to_success_mean,effective_barriers_installed_mean
a2c,42,-96.11,0.0,0.55,0.45,0.0,0.0,,0.0
a2c,123,-96.11,0.0,0.55,0.45,0.0,0.0,,0.0
a2c,2024,-100.0,0.0,0.0,1.0,0.0,5.0,,0.0
dqn,42,-66.12,0.45,0.06,0.49,0.0,34.1,46.62222222222222,0.18
dqn,123,-58.93,0.5,0.02,0.48,0.0,33.03,40.76,0.22
dqn,2024,-58.7,0.53,0.02,0.45,0.0,31.06,43.490566037735846,0.11
ppo,42,1.34,1.0,0.0,0.0,0.0,15.66,18.66,0.0
ppo,123,0.51,0.98,0.0,0.02,0.0,15.38,17.489795918367346,0.01
ppo,2024,2.74,1.0,0.0,0.0,0.0,15.21,17.26,0.0
