episode,seed,return_total,steps,terminated,truncated,termination_reason,animal_status,is_success,animal_lost,battery_depleted,final_battery,battery_spent,barriers_installed,effective_barriers_installed,pickup_step,delivery_step
0,42,-104.0,84,True,False,animal_lost,lost,False,True,False,24,76,2,0,,
1,43,-110.0,90,True,False,animal_lost,lost,False,True,False,39,69,2,0,,
2,44,-100.0,100,False,True,max_steps,with_robot,False,False,False,98,74,2,0,15,
3,45,-71.0,51,True,False,animal_lost,lost,False,True,False,72,48,2,0,,
4,46,-70.0,90,True,False,success,saved,True,False,False,21,79,2,0,36,90
5,47,-100.0,100,False,True,max_steps,awaiting,False,False,False,32,68,2,0,,
6,48,-100.0,100,False,True,max_steps,awaiting,False,False,False,53,47,2,0,,
7,49,-100.0,100,False,True,max_steps,with_robot,False,False,False,14,86,2,0,20,
8,50,-100.0,100,False,True,max_steps,awaiting,False,False,False,25,90,2,0,,
9,51,-91.0,71,True,False,animal_lost,lost,False,True,False,29,71,2,0,,
10,52,-96.0,76,True,False,animal_lost,lost,False,True,False,70,57,2,0,,
11,53,-100.0,100,False,True,max_steps,awaiting,False,False,False,78,60,2,0,,
12,54,-81.0,61,True,False,animal_lost,lost,False,True,False,32,68,2,0,,
13,55,-84.0,64,True,False,animal_lost,lost,False,True,False,57,58,2,0,,
14,56,-60.0,40,True,False,animal_lost,lost,False,True,False,44,56,2,0,,
15,57,-106.0,86,True,False,animal_lost,lost,False,True,False,23,77,2,0,,
16,58,-118.0,98,True,False,animal_lost,lost,False,True,False,80,58,2,0,,
17,59,-93.0,73,True,False,animal_lost,lost,False,True,False,48,52,2,0,,
18,60,-77.0,57,True,False,animal_lost,lost,False,True,False,41,59,2,0,,
19,61,-100.0,100,False,True,max_steps,with_robot,False,False,False,52,68,2,0,50,
20,62,-100.0,100,False,True,max_steps,awaiting,False,False,False,57,77,2,0,,
21,63,-77.0,62,True,False,animal_lost,lost,False,True,False,39,63,2,1,,
22,64,-100.0,100,False,True,max_steps,awaiting,False,False,False,19,81,2,0,,
23,65,-94.0,74,True,False,animal_lost,lost,False,True,False,29,71,2,0,,
24,66,-100.0,100,False,True,max_steps,awaiting,False,False,False,29,71,2,0,,
25,67,-87.0,72,True,False,animal_lost,lost,False,True,False,28,72,2,1,,
26,68,-100.0,100,False,True,max_steps,with_robot,False,False,False,49,90,2,0,63,
27,69,-100.0,100,False,True,max_steps,with_robot,False,False,False,32,68,2,0,30,
28,70,-74.0,54,True,False,animal_lost,lost,False,True,False,38,62,2,0,,
29,71,-92.0,72,True,False,animal_lost,lost,False,True,False,75,65,2,0,,
30,72,-71.0,51,True,False,animal_lost,lost,False,True,False,80,64,2,0,,
31,73,-100.0,100,False,True,max_steps,with_robot,False,False,False,48,88,2,0,77,
32,74,-105.0,85,True,False,animal_lost,lost,False,True,False,49,73,2,0,,
33,75,-100.0,100,False,True,max_steps,with_robot,False,False,False,37,63,2,0,33,
34,76,-100.0,100,False,True,max_steps,awaiting,False,False,False,42,58,2,0,,
35,77,-100.0,100,False,True,max_steps,awaiting,False,False,False,44,73,2,0,,
36,78,-100.0,80,True,False,animal_lost,lost,False,True,False,57,82,2,0,,
37,79,-100.0,100,False,True,max_steps,with_robot,False,False,False,38,62,2,0,13,
38,80,-114.0,94,True,False,animal_lost,lost,False,True,False,33,87,2,0,,
39,81,-86.0,66,True,False,animal_lost,lost,False,True,False,32,68,2,0,,
40,82,-113.0,93,True,False,animal_lost,lost,False,True,False,43,76,2,0,,
41,83,-100.0,80,True,False,animal_lost,lost,False,True,False,34,66,2,0,,
42,84,-100.0,100,False,True,max_steps,awaiting,False,False,False,37,78,2,0,,
43,85,-100.0,100,False,True,max_steps,with_robot,False,False,False,14,86,2,0,26,
44,86,-112.0,92,True,False,animal_lost,lost,False,True,False,23,77,2,0,,
45,87,-88.0,68,True,False,animal_lost,lost,False,True,False,97,59,2,0,,
46,88,-96.0,76,True,False,animal_lost,lost,False,True,False,65,70,2,0,,
47,89,-99.0,79,True,False,animal_lost,lost,False,True,False,31,69,2,0,,
48,90,-77.0,57,True,False,animal_lost,lost,False,True,False,39,61,2,0,,
49,91,-99.0,79,True,False,animal_lost,lost,False,True,False,60,76,2,0,,
50,92,-95.0,100,False,True,max_steps,with_robot,False,False,False,54,88,2,1,20,
51,93,-76.0,56,True,False,animal_lost,lost,False,True,False,45,55,2,0,,
52,94,-80.0,60,True,False,animal_lost,lost,False,True,False,55,67,2,0,,
53,95,-100.0,100,False,True,max_steps,awaiting,False,False,False,15,85,2,0,,
54,96,-67.0,47,True,False,animal_lost,lost,False,True,False,63,52,2,0,,
55,97,-94.0,74,True,False,animal_lost,lost,False,True,False,32,68,2,0,,
56,98,-48.0,28,True,False,animal_lost,lost,False,True,False,48,52,2,0,,
57,99,-100.0,100,False,True,max_steps,awaiting,False,False,False,100,70,2,0,,
58,100,-100.0,100,False,True,max_steps,with_robot,False,False,False,36,79,2,0,99,
59,101,-101.0,81,True,False,animal_lost,lost,False,True,False,25,75,2,0,,
60,102,-100.0,100,False,True,max_steps,with_robot,False,False,False,78,82,2,0,37,
61,103,-114.0,94,True,False,animal_lost,lost,False,True,False,26,91,2,0,,
62,104,-100.0,100,False,True,max_steps,awaiting,False,False,False,29,86,2,0,,
63,105,-85.0,65,True,False,animal_lost,lost,False,True,False,59,61,2,0,,
64,106,-79.0,59,True,False,animal_lost,lost,False,True,False,33,67,2,0,,
65,107,-100.0,100,False,True,max_steps,awaiting,False,False,False,9,91,2,0,,
66,108,-130.0,100,True,False,battery_depleted,with_robot,False,False,True,0,100,2,0,58,
67,109,-91.0,71,True,False,animal_lost,lost,False,True,False,25,75,2,0,,
68,110,-100.0,100,False,True,max_steps,awaiting,False,False,False,35,82,2,0,,
69,111,-103.0,83,True,False,animal_lost,lost,False,True,False,30,90,2,0,,
70,112,-100.0,100,False,True,max_steps,with_robot,False,False,False,14,86,2,0,23,
71,113,-100.0,100,False,True,max_steps,awaiting,False,False,False,51,89,2,0,,
72,114,-100.0,100,False,True,max_steps,with_robot,False,False,False,7,93,2,0,88,
73,115,-75.0,55,True,False,animal_lost,lost,False,True,False,22,78,2,0,,
74,116,-100.0,100,False,True,max_steps,with_robot,False,False,False,65,52,2,0,67,
75,117,-100.0,100,False,True,max_steps,with_robot,False,False,False,42,78,2,0,50,
76,118,-100.0,100,False,True,max_steps,with_robot,False,False,False,39,83,2,0,22,
77,119,-100.0,100,False,True,max_steps,with_robot,False,False,False,25,75,2,0,62,
78,120,-100.0,100,False,True,max_steps,with_robot,False,False,False,32,76,2,0,43,
79,121,-100.0,100,False,True,max_steps,awaiting,False,False,False,65,75,2,0,,
80,122,-130.0,100,True,False,battery_depleted,with_robot,False,False,True,0,101,2,0,33,
81,123,-67.0,47,True,False,animal_lost,lost,False,True,False,49,51,2,0,,
82,124,-100.0,100,False,True,max_steps,awaiting,False,False,False,69,66,2,0,,
83,125,-100.0,100,False,True,max_steps,with_robot,False,False,False,13,87,2,0,67,
84,126,-100.0,100,False,True,max_steps,with_robot,False,False,False,60,80,2,0,10,
85,127,-93.0,73,True,False,animal_lost,lost,False,True,False,71,69,2,0,,
86,128,-79.0,59,True,False,animal_lost,lost,False,True,False,31,69,2,0,,
87,129,-97.0,77,True,False,animal_lost,lost,False,True,False,37,63,2,0,,
88,130,-104.0,84,True,False,animal_lost,lost,False,True,False,16,84,2,0,,
89,131,-100.0,100,False,True,max_steps,with_robot,False,False,False,23,79,2,0,65,
90,132,-56.0,76,True,False,success,saved,True,False,False,33,67,2,0,11,76
91,133,-100.0,100,False,True,max_steps,with_robot,False,False,False,43,80,2,0,66,
92,134,-109.0,89,True,False,animal_lost,lost,False,True,False,23,92,2,0,,
93,135,-113.0,93,True,False,animal_lost,lost,False,True,False,61,61,2,0,,
94,136,-100.0,100,False,True,max_steps,awaiting,False,False,False,44,96,2,0,,
95,137,-93.0,73,True,False,animal_lost,lost,False,True,False,38,62,2,0,,
96,138,-89.0,69,True,False,animal_lost,lost,False,True,False,97,60,2,0,,
97,139,-100.0,100,False,True,max_steps,with_robot,False,False,False,54,86,2,0,60,
98,140,-107.0,87,True,False,animal_lost,lost,False,True,False,47,68,2,0,,
99,141,-101.0,81,True,False,animal_lost,lost,False,True,False,44,75,2,0,,
100,142,-119.0,99,True,False,animal_lost,lost,False,True,False,9,91,2,0,,
101,143,-100.0,100,False,True,max_steps,awaiting,False,False,False,42,78,2,0,,
102,144,-85.0,65,True,False,animal_lost,lost,False,True,False,31,69,2,0,,
103,145,-95.0,75,True,False,animal_lost,lost,False,True,False,99,67,2,0,,
104,146,-111.0,91,True,False,animal_lost,lost,False,True,False,49,51,2,0,,
105,147,-100.0,100,False,True,max_steps,with_robot,False,False,False,16,84,2,0,31,
106,148,-104.0,84,True,False,animal_lost,lost,False,True,False,66,74,2,0,,
107,149,-119.0,99,True,False,animal_lost,lost,False,True,False,86,71,2,0,,
108,150,-100.0,100,False,True,max_steps,with_robot,False,False,False,21,79,2,0,69,
109,151,-82.0,62,True,False,animal_lost,lost,False,True,False,42,58,2,0,,
110,152,-100.0,100,False,True,max_steps,with_robot,False,False,False,66,74,2,0,53,
111,153,-120.0,100,True,False,animal_lost,lost,False,True,False,36,79,2,0,,
112,154,-100.0,100,False,True,max_steps,with_robot,False,False,False,20,80,2,0,17,
113,155,-100.0,100,False,True,max_steps,awaiting,False,False,False,73,66,2,0,,
114,156,-95.0,100,False,True,max_steps,with_robot,False,False,False,16,84,2,1,7,
115,157,-104.0,84,True,False,animal_lost,lost,False,True,False,22,80,2,0,,
116,158,-101.0,81,True,False,animal_lost,lost,False,True,False,82,78,2,0,,
117,159,-100.0,100,False,True,max_steps,awaiting,False,False,False,15,85,2,0,,
118,160,-95.0,100,False,True,max_steps,awaiting,False,False,False,3,97,2,1,,
119,161,-108.0,88,True,False,animal_lost,lost,False,True,False,19,81,2,0,,
120,162,-120.0,100,True,False,animal_lost,lost,False,True,False,28,72,2,0,,
121,163,-75.0,55,True,False,animal_lost,lost,False,True,False,79,61,2,0,,
122,164,-100.0,100,False,True,max_steps,with_robot,False,False,False,46,54,2,0,26,
123,165,-95.0,100,False,True,max_steps,with_robot,False,False,False,26,74,2,1,41,
124,166,-100.0,100,False,True,max_steps,awaiting,False,False,False,47,53,2,0,,
125,167,-115.0,95,True,False,animal_lost,lost,False,True,False,46,74,2,0,,
126,168,-105.0,85,True,False,animal_lost,lost,False,True,False,30,70,2,0,,
127,169,-100.0,100,False,True,max_steps,awaiting,False,False,False,21,79,2,0,,
128,170,-100.0,100,False,True,max_steps,awaiting,False,False,False,30,85,2,0,,
129,171,-96.0,76,True,False,animal_lost,lost,False,True,False,74,72,2,0,,
130,172,-61.0,41,True,False,animal_lost,lost,False,True,False,42,58,2,0,,
131,173,-94.0,74,True,False,animal_lost,lost,False,True,False,31,69,2,0,,
132,174,-61.0,41,True,False,animal_lost,lost,False,True,False,45,55,2,0,,
133,175,-61.0,81,True,False,success,saved,True,False,False,19,81,2,0,10,81
134,176,-100.0,100,False,True,max_steps,awaiting,False,False,False,24,76,2,0,,
135,177,-62.0,42,True,False,animal_lost,lost,False,True,False,47,53,2,0,,
136,178,-82.0,62,True,False,animal_lost,lost,False,True,False,41,59,2,0,,
137,179,-95.0,100,False,True,max_steps,awaiting,False,False,False,13,87,2,1,,
138,180,-98.0,78,True,False,animal_lost,lost,False,True,False,40,77,2,0,,
139,181,-100.0,100,False,True,max_steps,awaiting,False,False,False,52,85,2,0,,
140,182,-100.0,100,False,True,max_steps,with_robot,False,False,False,70,70,2,0,46,
141,183,-100.0,100,False,True,max_steps,awaiting,False,False,False,52,65,2,0,,
142,184,-100.0,100,False,True,max_steps,awaiting,False,False,False,34,90,2,0,,
143,185,-115.0,95,True,False,animal_lost,lost,False,True,False,68,80,2,0,,
144,186,-100.0,100,False,True,max_steps,awaiting,False,False,False,21,79,2,0,,
145,187,-100.0,100,False,True,max_steps,awaiting,False,False,False,13,87,2,0,,
146,188,-100.0,80,True,False,animal_lost,lost,False,True,False,30,70,2,0,,
147,189,-100.0,100,False,True,max_steps,awaiting,False,False,False,20,80,2,0,,
148,190,-100.0,100,False,True,max_steps,with_robot,False,False,False,33,67,2,0,19,
149,191,-100.0,100,False,True,max_steps,with_robot,False,False,False,20,80,2,0,20,
150,192,-63.0,43,True,False,animal_lost,lost,False,True,False,37,63,2,0,,
151,193,-100.0,100,False,True,max_steps,with_robot,False,False,False,35,65,2,0,36,
152,194,-100.0,100,False,True,max_steps,awaiting,False,False,False,39,81,2,0,,
153,195,-40.0,20,True,False,animal_lost,lost,False,True,False,71,29,1,0,,
154,196,-100.0,100,False,True,max_steps,with_robot,False,False,False,15,85,2,0,14,
155,197,-100.0,100,False,True,max_steps,with_robot,False,False,False,60,75,2,0,25,
156,198,-100.0,100,False,True,max_steps,with_robot,False,False,False,48,72,2,0,64,
157,199,-100.0,100,False,True,max_steps,awaiting,False,False,False,36,84,2,0,,
158,200,-81.0,61,True,False,animal_lost,lost,False,True,False,37,69,2,0,,
159,201,-73.0,53,True,False,animal_lost,lost,False,True,False,70,50,2,0,,
160,202,-100.0,100,False,True,max_steps,with_robot,False,False,False,10,90,2,0,90,
161,203,-98.0,78,True,False,animal_lost,lost,False,True,False,62,53,2,0,,
162,204,-97.0,77,True,False,animal_lost,lost,False,True,False,41,74,2,0,,
163,205,-100.0,100,False,True,max_steps,awaiting,False,False,False,22,78,2,0,,
164,206,-54.0,74,True,False,success,saved,True,False,False,33,67,2,0,41,74
165,207,-100.0,100,False,True,max_steps,with_robot,False,False,False,9,91,2,0,37,
166,208,-100.0,100,False,True,max_steps,with_robot,False,False,False,76,59,2,0,72,
167,209,-117.0,97,True,False,animal_lost,lost,False,True,False,50,50,2,0,,
168,210,-100.0,100,False,True,max_steps,with_robot,False,False,False,18,82,2,0,35,
169,211,-100.0,100,False,True,max_steps,awaiting,False,False,False,54,86,2,0,,
170,212,-118.0,98,True,False,animal_lost,lost,False,True,False,19,81,2,0,,
171,213,-100.0,100,False,True,max_steps,awaiting,False,False,False,24,76,2,0,,
172,214,-49.0,34,True,False,animal_lost,lost,False,True,False,51,49,2,1,,
173,215,-78.0,58,True,False,animal_lost,lost,False,True,False,42,58,2,0,,
174,216,-100.0,100,False,True,max_steps,with_robot,False,False,False,27,73,2,0,32,
175,217,-100.0,100,False,True,max_steps,with_robot,False,False,False,48,67,2,0,37,
176,218,-105.0,85,True,False,animal_lost,lost,False,True,False,48,69,2,0,,
177,219,-79.0,59,True,False,animal_lost,lost,False,True,False,45,55,2,0,,
178,220,-100.0,100,False,True,max_steps,awaiting,False,False,False,75,65,2,0,,
179,221,-100.0,100,False,True,max_steps,awaiting,False,False,False,33,67,2,0,,
180,222,-100.0,100,False,True,max_steps,with_robot,False,False,False,15,85,2,0,80,
181,223,-100.0,100,False,True,max_steps,awaiting,False,False,False,39,61,2,0,,
182,224,-100.0,100,False,True,max_steps,awaiting,False,False,False,97,77,2,0,,
183,225,-88.0,68,True,False,animal_lost,lost,False,True,False,24,76,2,0,,
184,226,-57.0,37,True,False,animal_lost,lost,False,True,False,67,48,2,0,,
185,227,-100.0,100,False,True,max_steps,awaiting,False,False,False,15,85,2,0,,
186,228,-100.0,100,False,True,max_steps,with_robot,False,False,False,22,80,2,0,31,
187,229,-72.0,52,True,False,animal_lost,lost,False,True,False,47,53,2,0,,
188,230,-95.0,75,True,False,animal_lost,lost,False,True,False,22,78,2,0,,
189,231,-114.0,94,True,False,animal_lost,lost,False,True,False,14,86,2,0,,
190,232,-100.0,100,False,True,max_steps,awaiting,False,False,False,34,81,2,0,,
191,233,-95.0,75,True,False,animal_lost,lost,False,True,False,20,80,2,0,,
192,234,-75.0,55,True,False,animal_lost,lost,False,True,False,100,48,2,0,,
193,235,-100.0,100,False,True,max_steps,awaiting,False,False,False,31,69,2,0,,
194,236,-100.0,100,False,True,max_steps,with_robot,False,False,False,54,61,2,0,63,
195,237,-90.0,70,True,False,animal_lost,lost,False,True,False,73,67,2,0,,
196,238,-100.0,100,False,True,max_steps,awaiting,False,False,False,64,76,2,0,,
197,239,-100.0,100,False,True,max_steps,awaiting,False,False,False,17,83,2,0,,
198,240,-64.0,49,True,False,animal_lost,lost,False,True,False,26,74,2,1,,
199,241,-107.0,87,True,False,animal_lost,lost,False,True,False,40,80,2,0,,
200,242,-91.0,71,True,False,animal_lost,lost,False,True,False,26,74,2,0,,
201,243,-68.0,48,True,False,animal_lost,lost,False,True,False,65,52,2,0,,
202,244,-100.0,100,False,True,max_steps,with_robot,False,False,False,27,73,2,0,81,
203,245,-100.0,100,False,True,max_steps,awaiting,False,False,False,36,84,2,0,,
204,246,-112.0,92,True,False,animal_lost,lost,False,True,False,38,77,2,0,,
205,247,-119.0,99,True,False,animal_lost,lost,False,True,False,47,73,2,0,,
206,248,-100.0,100,False,True,max_steps,with_robot,False,False,False,9,91,2,0,51,
207,249,-100.0,100,False,True,max_steps,awaiting,False,False,False,28,89,2,0,,
208,250,-89.0,69,True,False,animal_lost,lost,False,True,False,68,72,2,0,,
209,251,-95.0,100,False,True,max_steps,with_robot,False,False,False,35,65,2,1,48,
210,252,-100.0,100,False,True,max_steps,with_robot,False,False,False,21,79,2,0,23,
211,253,-51.0,31,True,False,animal_lost,lost,False,True,False,58,42,2,0,,
212,254,-103.0,83,True,False,animal_lost,lost,False,True,False,20,80,2,0,,
213,255,-100.0,100,False,True,max_steps,awaiting,False,False,False,83,81,2,0,,
214,256,-71.0,51,True,False,animal_lost,lost,False,True,False,58,62,2,0,,
215,257,-95.0,100,False,True,max_steps,with_robot,False,False,False,31,69,2,1,20,
216,258,-95.0,100,False,True,max_steps,awaiting,False,False,False,69,51,2,1,,
217,259,-100.0,100,False,True,max_steps,with_robot,False,False,False,20,80,2,0,54,
218,260,-100.0,100,False,True,max_steps,with_robot,False,False,False,8,92,2,0,12,
219,261,-100.0,100,False,True,max_steps,with_robot,False,False,False,6,94,2,0,43,
220,262,-100.0,100,False,True,max_steps,with_robot,False,False,False,30,85,2,0,44,
221,263,-77.0,57,True,False,animal_lost,lost,False,True,False,24,76,2,0,,
222,264,-100.0,100,False,True,max_steps,with_robot,False,False,False,17,83,2,0,27,
223,265,-105.0,85,True,False,animal_lost,lost,False,True,False,52,68,2,0,,
224,266,-100.0,100,False,True,max_steps,with_robot,False,False,False,51,69,2,0,66,
225,267,-66.0,86,True,False,success,saved,True,False,False,23,77,2,0,35,86
226,268,-100.0,100,False,True,max_steps,with_robot,False,False,False,31,84,2,0,49,
227,269,-93.0,73,True,False,animal_lost,lost,False,True,False,37,63,2,0,,
228,270,-114.0,94,True,False,animal_lost,lost,False,True,False,38,82,2,0,,
229,271,-113.0,93,True,False,animal_lost,lost,False,True,False,68,87,2,0,,
230,272,-100.0,100,False,True,max_steps,with_robot,False,False,False,37,83,2,0,59,
231,273,-100.0,100,False,True,max_steps,with_robot,False,False,False,16,84,2,0,21,
232,274,-100.0,100,False,True,max_steps,with_robot,False,False,False,43,77,2,0,84,
233,275,-115.0,95,True,False,animal_lost,lost,False,True,False,14,86,2,0,,
234,276,-100.0,100,False,True,max_steps,with_robot,False,False,False,5,95,2,0,83,
235,277,-116.0,96,True,False,animal_lost,lost,False,True,False,28,72,2,0,,
236,278,-100.0,100,False,True,max_steps,with_robot,False,False,False,48,71,2,0,68,
237,279,-100.0,100,False,True,max_steps,with_robot,False,False,False,28,72,2,0,52,
238,280,-100.0,100,False,True,max_steps,awaiting,False,False,False,30,70,2,0,,
239,281,-100.0,100,False,True,max_steps,awaiting,False,False,False,44,76,2,0,,
240,282,-93.0,73,True,False,animal_lost,lost,False,True,False,5,95,2,0,,
241,283,-91.0,71,True,False,animal_lost,lost,False,True,False,48,72,2,0,,
242,284,-111.0,91,True,False,animal_lost,lost,False,True,False,35,69,2,0,,
243,285,-73.0,58,True,False,animal_lost,lost,False,True,False,68,53,2,1,,
244,286,-100.0,100,False,True,max_steps,with_robot,False,False,False,63,57,2,0,37,
245,287,-79.0,59,True,False,animal_lost,lost,False,True,False,61,59,2,0,,
246,288,-114.0,94,True,False,animal_lost,lost,False,True,False,26,74,2,0,,
247,289,-100.0,100,False,True,max_steps,awaiting,False,False,False,10,90,2,0,,
248,290,-100.0,100,False,True,max_steps,awaiting,False,False,False,4,96,2,0,,
249,291,-87.0,67,True,False,animal_lost,lost,False,True,False,16,84,2,0,,
250,292,-63.0,43,True,False,animal_lost,lost,False,True,False,48,52,2,0,,
251,293,-100.0,100,False,True,max_steps,awaiting,False,False,False,62,57,2,0,,
252,294,-100.0,100,False,True,max_steps,with_robot,False,False,False,3,97,2,0,74,
253,295,-88.0,68,True,False,animal_lost,lost,False,True,False,37,63,2,0,,
254,296,-90.0,70,True,False,animal_lost,lost,False,True,False,42,78,2,0,,
255,297,-82.0,62,True,False,animal_lost,lost,False,True,False,74,62,2,0,,
256,298,-100.0,100,False,True,max_steps,awaiting,False,False,False,58,96,2,0,,
257,299,-100.0,100,False,True,max_steps,with_robot,False,False,False,30,90,2,0,55,
258,300,-100.0,100,False,True,max_steps,with_robot,False,False,False,72,68,2,0,48,
259,301,-79.0,59,True,False,animal_lost,lost,False,True,False,33,67,2,0,,
260,302,-110.0,90,True,False,animal_lost,lost,False,True,False,51,64,2,0,,
261,303,-95.0,100,False,True,max_steps,awaiting,False,False,False,71,69,2,1,,
262,304,-47.0,27,True,False,animal_lost,lost,False,True,False,63,52,2,0,,
263,305,-100.0,100,False,True,max_steps,awaiting,False,False,False,37,83,2,0,,
264,306,-49.0,69,True,False,success,saved,True,False,False,15,85,2,0,18,69
265,307,-102.0,82,True,False,animal_lost,lost,False,True,False,28,72,2,0,,
266,308,-101.0,81,True,False,animal_lost,lost,False,True,False,53,47,2,0,,
267,309,-100.0,100,False,True,max_steps,with_robot,False,False,False,39,80,2,0,41,
268,310,-116.0,96,True,False,animal_lost,lost,False,True,False,88,86,2,0,,
269,311,-100.0,100,False,True,max_steps,with_robot,False,False,False,33,87,2,0,52,
270,312,-97.0,77,True,False,animal_lost,lost,False,True,False,50,70,2,0,,
271,313,-99.0,79,True,False,animal_lost,lost,False,True,False,50,70,2,0,,
272,314,-117.0,97,True,False,animal_lost,lost,False,True,False,70,70,2,0,,
273,315,-100.0,100,False,True,max_steps,with_robot,False,False,False,64,82,2,0,88,
274,316,-100.0,100,False,True,max_steps,awaiting,False,False,False,11,89,2,0,,
275,317,-100.0,100,False,True,max_steps,awaiting,False,False,False,16,84,2,0,,
276,318,-78.0,58,True,False,animal_lost,lost,False,True,False,63,54,2,0,,
277,319,-69.0,49,True,False,animal_lost,lost,False,True,False,67,48,2,0,,
278,320,-103.0,83,True,False,animal_lost,lost,False,True,False,23,77,2,0,,
279,321,-100.0,100,False,True,max_steps,with_robot,False,False,False,16,84,2,0,62,
280,322,-100.0,100,False,True,max_steps,with_robot,False,False,False,23,77,2,0,55,
281,323,-100.0,100,False,True,max_steps,awaiting,False,False,False,30,85,2,0,,
282,324,-77.0,57,True,False,animal_lost,lost,False,True,False,60,62,2,0,,
283,325,-98.0,78,True,False,animal_lost,lost,False,True,False,13,87,2,0,,
284,326,-100.0,100,False,True,max_steps,awaiting,False,False,False,1,99,2,0,,
285,327,-67.0,87,True,False,success,saved,True,False,False,19,81,2,0,27,87
286,328,-109.0,89,True,False,animal_lost,lost,False,True,False,46,74,2,0,,
287,329,-98.0,78,True,False,animal_lost,lost,False,True,False,30,70,2,0,,
288,330,-100.0,100,False,True,max_steps,awaiting,False,False,False,14,86,2,0,,
289,331,-102.0,82,True,False,animal_lost,lost,False,True,False,25,75,2,0,,
290,332,-119.0,99,True,False,animal_lost,lost,False,True,False,20,80,2,0,,
291,333,-110.0,90,True,False,animal_lost,lost,False,True,False,29,71,2,0,,
292,334,-100.0,100,False,True,max_steps,with_robot,False,False,False,5,95,2,0,35,
293,335,-100.0,100,False,True,max_steps,with_robot,False,False,False,23,77,2,0,47,
294,336,-100.0,100,False,True,max_steps,with_robot,False,False,False,42,58,2,0,41,
295,337,-83.0,63,True,False,animal_lost,lost,False,True,False,49,70,2,0,,
296,338,-113.0,93,True,False,animal_lost,lost,False,True,False,59,58,2,0,,
297,339,-100.0,100,False,True,max_steps,awaiting,False,False,False,43,76,2,0,,
298,340,-72.0,52,True,False,animal_lost,lost,False,True,False,41,59,2,0,,
299,341,-69.0,89,True,False,success,saved,True,False,False,25,75,2,0,35,89
300,342,-61.0,41,True,False,animal_lost,lost,False,True,False,43,57,2,0,,
301,343,-100.0,100,False,True,max_steps,with_robot,False,False,False,20,80,2,0,34,
302,344,-100.0,100,False,True,max_steps,awaiting,False,False,False,23,77,2,0,,
303,345,-100.0,100,False,True,max_steps,with_robot,False,False,False,56,84,2,0,23,
304,346,-83.0,63,True,False,animal_lost,lost,False,True,False,50,65,2,0,,
305,347,-100.0,100,False,True,max_steps,awaiting,False,False,False,52,48,2,0,,
306,348,-100.0,80,True,False,animal_lost,lost,False,True,False,15,85,2,0,,
307,349,-120.0,100,True,False,animal_lost,lost,False,True,False,96,72,2,0,,
308,350,-30.0,50,True,False,success,saved,True,False,False,53,67,2,0,23,50
309,351,-100.0,100,False,True,max_steps,awaiting,False,False,False,16,84,2,0,,
310,352,-100.0,100,False,True,max_steps,awaiting,False,False,False,27,73,2,0,,
311,353,-124.0,94,True,False,battery_depleted,awaiting,False,False,True,0,100,2,0,,
312,354,-100.0,100,False,True,max_steps,awaiting,False,False,False,97,71,2,0,,
313,355,-104.0,84,True,False,animal_lost,lost,False,True,False,64,76,2,0,,
314,356,-100.0,100,False,True,max_steps,awaiting,False,False,False,10,96,2,0,,
315,357,-75.0,55,True,False,animal_lost,lost,False,True,False,37,63,2,0,,
316,358,-111.0,91,True,False,animal_lost,lost,False,True,False,27,73,2,0,,
317,359,-98.0,78,True,False,animal_lost,lost,False,True,False,97,73,2,0,,
318,360,-117.0,97,True,False,animal_lost,lost,False,True,False,9,91,2,0,,
319,361,-100.0,100,False,True,max_steps,awaiting,False,False,False,19,102,2,0,,
320,362,-116.0,96,True,False,animal_lost,lost,False,True,False,96,84,2,0,,
321,363,-85.0,65,True,False,animal_lost,lost,False,True,False,78,56,2,0,,
322,364,-82.0,62,True,False,animal_lost,lost,False,True,False,33,67,2,0,,
323,365,-86.0,66,True,False,animal_lost,lost,False,True,False,38,62,2,0,,
324,366,-100.0,100,False,True,max_steps,awaiting,False,False,False,43,77,2,0,,
325,367,-100.0,100,False,True,max_steps,awaiting,False,False,False,75,65,2,0,,
326,368,-100.0,100,False,True,max_steps,awaiting,False,False,False,92,56,2,0,,
327,369,-100.0,100,False,True,max_steps,with_robot,False,False,False,38,77,2,0,53,
328,370,-100.0,100,False,True,max_steps,with_robot,False,False,False,32,68,2,0,37,
329,371,-53.0,38,True,False,animal_lost,lost,False,True,False,54,46,2,1,,
330,372,-100.0,100,False,True,max_steps,with_robot,False,False,False,26,74,2,0,75,
331,373,-100.0,100,False,True,max_steps,with_robot,False,False,False,37,78,2,0,57,
332,374,-71.0,51,True,False,animal_lost,lost,False,True,False,99,34,1,0,,
333,375,-111.0,91,True,False,animal_lost,lost,False,True,False,52,63,2,0,,
334,376,-100.0,100,False,True,max_steps,with_robot,False,False,False,14,86,2,0,85,
335,377,-91.0,71,True,False,animal_lost,lost,False,True,False,65,55,2,0,,
336,378,-100.0,100,False,True,max_steps,with_robot,False,False,False,8,92,2,0,30,
337,379,-77.0,57,True,False,animal_lost,lost,False,True,False,37,63,2,0,,
338,380,-102.0,82,True,False,animal_lost,lost,False,True,False,91,55,2,0,,
339,381,-74.0,54,True,False,animal_lost,lost,False,True,False,55,60,2,0,,
340,382,-100.0,100,False,True,max_steps,with_robot,False,False,False,90,72,2,0,19,
341,383,-119.0,99,True,False,animal_lost,lost,False,True,False,51,49,2,0,,
342,384,-100.0,100,False,True,max_steps,awaiting,False,False,False,31,75,2,0,,
343,385,-100.0,100,False,True,max_steps,awaiting,False,False,False,51,64,2,0,,
344,386,-100.0,100,False,True,max_steps,awaiting,False,False,False,28,72,2,0,,
345,387,-107.0,87,True,False,animal_lost,lost,False,True,False,25,75,2,0,,
346,388,-100.0,100,False,True,max_steps,awaiting,False,False,False,24,76,2,0,,
347,389,-100.0,100,False,True,max_steps,with_robot,False,False,False,40,60,2,0,21,
348,390,-100.0,100,False,True,max_steps,awaiting,False,False,False,38,82,2,0,,
349,391,-100.0,100,False,True,max_steps,with_robot,False,False,False,28,72,2,0,55,
350,392,-119.0,99,True,False,animal_lost,lost,False,True,False,79,81,2,0,,
351,393,-58.0,38,True,False,animal_lost,lost,False,True,False,46,54,2,0,,
352,394,-109.0,89,True,False,animal_lost,lost,False,True,False,78,82,2,0,,
353,395,-100.0,100,False,True,max_steps,awaiting,False,False,False,8,92,2,0,,
354,396,-100.0,100,False,True,max_steps,awaiting,False,False,False,51,69,2,0,,
355,397,-71.0,51,True,False,animal_lost,lost,False,True,False,63,57,2,0,,
356,398,-100.0,100,False,True,max_steps,awaiting,False,False,False,77,63,2,0,,
357,399,-100.0,100,False,True,max_steps,with_robot,False,False,False,21,79,2,0,93,
358,400,-50.0,30,True,False,animal_lost,lost,False,True,False,67,48,2,0,,
359,401,-100.0,100,False,True,max_steps,with_robot,False,False,False,100,86,2,0,57,
360,402,-86.0,66,True,False,animal_lost,lost,False,True,False,60,57,2,0,,
361,403,-90.0,70,True,False,animal_lost,lost,False,True,False,79,62,2,0,,
362,404,-105.0,90,True,False,animal_lost,lost,False,True,False,33,67,2,1,,
363,405,-100.0,100,False,True,max_steps,awaiting,False,False,False,18,82,2,0,,
364,406,-100.0,100,False,True,max_steps,awaiting,False,False,False,42,58,2,0,,
365,407,-100.0,100,False,True,max_steps,awaiting,False,False,False,46,96,2,0,,
366,408,-100.0,100,False,True,max_steps,with_robot,False,False,False,36,88,2,0,57,
367,409,-92.0,72,True,False,animal_lost,lost,False,True,False,62,58,2,0,,
368,410,-100.0,100,False,True,max_steps,with_robot,False,False,False,24,76,2,0,34,
369,411,-100.0,100,False,True,max_steps,with_robot,False,False,False,45,72,2,0,38,
370,412,-100.0,100,False,True,max_steps,awaiting,False,False,False,54,81,2,0,,
371,413,-130.0,100,True,False,battery_depleted,with_robot,False,False,True,0,102,2,0,74,
372,414,-100.0,100,False,True,max_steps,with_robot,False,False,False,100,78,2,0,29,
373,415,-100.0,100,False,True,max_steps,with_robot,False,False,False,64,74,2,0,58,
374,416,-102.0,82,True,False,animal_lost,lost,False,True,False,29,71,2,0,,
375,417,-119.0,99,True,False,animal_lost,lost,False,True,False,22,78,2,0,,
376,418,-93.0,73,True,False,animal_lost,lost,False,True,False,53,66,2,0,,
377,419,-101.0,81,True,False,animal_lost,lost,False,True,False,51,84,2,0,,
378,420,-95.0,75,True,False,animal_lost,lost,False,True,False,34,66,2,0,,
379,421,-123.0,98,True,False,battery_depleted,awaiting,False,False,True,0,102,2,1,,
380,422,-100.0,100,False,True,max_steps,awaiting,False,False,False,9,91,2,0,,
381,423,-100.0,100,False,True,max_steps,with_robot,False,False,False,29,71,2,0,99,
382,424,-111.0,91,True,False,animal_lost,lost,False,True,False,17,83,2,0,,
383,425,-102.0,82,True,False,animal_lost,lost,False,True,False,32,68,2,0,,
384,426,-100.0,100,False,True,max_steps,with_robot,False,False,False,11,89,2,0,45,
385,427,-100.0,100,False,True,max_steps,with_robot,False,False,False,11,89,2,0,86,
386,428,-82.0,62,True,False,animal_lost,lost,False,True,False,73,61,2,0,,
387,429,-100.0,100,False,True,max_steps,with_robot,False,False,False,27,73,2,0,24,
388,430,-75.0,55,True,False,animal_lost,lost,False,True,False,62,58,2,0,,
389,431,-117.0,97,True,False,animal_lost,lost,False,True,False,30,70,2,0,,
390,432,-93.0,73,True,False,animal_lost,lost,False,True,False,81,59,2,0,,
391,433,-100.0,100,False,True,max_steps,with_robot,False,False,False,45,57,2,0,52,
392,434,-65.0,50,True,False,animal_lost,lost,False,True,False,38,62,2,1,,
393,435,-100.0,100,False,True,max_steps,with_robot,False,False,False,7,93,2,0,73,
394,436,-100.0,100,False,True,max_steps,awaiting,False,False,False,54,86,2,0,,
395,437,-100.0,100,False,True,max_steps,awaiting,False,False,False,14,86,2,0,,
396,438,-79.0,59,True,False,animal_lost,lost,False,True,False,86,52,2,0,,
397,439,-97.0,77,True,False,animal_lost,lost,False,True,False,46,71,2,0,,
398,440,-100.0,100,False,True,max_steps,awaiting,False,False,False,25,75,2,0,,
399,441,-73.0,53,True,False,animal_lost,lost,False,True,False,48,52,2,0,,
400,442,-116.0,96,True,False,animal_lost,lost,False,True,False,63,54,2,0,,
401,443,-100.0,100,False,True,max_steps,with_robot,False,False,False,6,94,2,0,88,
402,444,-113.0,93,True,False,animal_lost,lost,False,True,False,25,92,2,0,,
403,445,-79.0,59,True,False,animal_lost,lost,False,True,False,65,55,2,0,,
404,446,-100.0,100,False,True,max_steps,awaiting,False,False,False,35,65,2,0,,
405,447,-93.0,73,True,False,animal_lost,lost,False,True,False,58,80,2,0,,
406,448,-110.0,90,True,False,animal_lost,lost,False,True,False,18,82,2,0,,
407,449,-88.0,68,True,False,animal_lost,lost,False,True,False,41,59,2,0,,
408,450,-105.0,85,True,False,animal_lost,lost,False,True,False,26,74,2,0,,
409,451,-74.0,54,True,False,animal_lost,lost,False,True,False,39,61,2,0,,
410,452,-100.0,100,False,True,max_steps,with_robot,False,False,False,99,69,2,0,26,
411,453,-76.0,56,True,False,animal_lost,lost,False,True,False,36,64,2,0,,
412,454,-81.0,61,True,False,animal_lost,lost,False,True,False,26,74,2,0,,
413,455,-77.0,57,True,False,animal_lost,lost,False,True,False,42,58,2,0,,
414,456,-100.0,100,False,True,max_steps,awaiting,False,False,False,25,95,2,0,,
415,457,-100.0,80,True,False,animal_lost,lost,False,True,False,34,66,2,0,,
416,458,-100.0,100,False,True,max_steps,awaiting,False,False,False,17,83,2,0,,
417,459,-100.0,100,False,True,max_steps,awaiting,False,False,False,36,93,2,0,,
418,460,-100.0,100,False,True,max_steps,awaiting,False,False,False,57,81,2,0,,
419,461,-111.0,91,True,False,animal_lost,lost,False,True,False,11,89,2,0,,
420,462,-79.0,59,True,False,animal_lost,lost,False,True,False,39,61,2,0,,
421,463,-70.0,50,True,False,animal_lost,lost,False,True,False,86,48,2,0,,
422,464,-96.0,76,True,False,animal_lost,lost,False,True,False,32,68,2,0,,
423,465,-120.0,100,True,False,animal_lost,lost,False,True,False,81,77,2,0,,
424,466,-95.0,75,True,False,animal_lost,lost,False,True,False,24,76,2,0,,
425,467,-90.0,70,True,False,animal_lost,lost,False,True,False,36,64,2,0,,
426,468,-111.0,91,True,False,animal_lost,lost,False,True,False,10,90,2,0,,
427,469,-119.0,99,True,False,animal_lost,lost,False,True,False,34,72,2,0,,
428,470,-96.0,76,True,False,animal_lost,lost,False,True,False,46,74,2,0,,
429,471,-100.0,100,False,True,max_steps,awaiting,False,False,False,64,76,2,0,,
430,472,-100.0,100,False,True,max_steps,with_robot,False,False,False,39,61,2,0,58,
431,473,-100.0,100,False,True,max_steps,awaiting,False,False,False,20,80,2,0,,
432,474,-100.0,100,False,True,max_steps,awaiting,False,False,False,99,71,2,0,,
433,475,-100.0,100,False,True,max_steps,with_robot,False,False,False,51,89,2,0,89,
434,476,-100.0,100,False,True,max_steps,awaiting,False,False,False,26,74,2,0,,
435,477,-90.0,70,True,False,animal_lost,lost,False,True,False,89,67,2,0,,
436,478,-66.0,46,True,False,animal_lost,lost,False,True,False,47,53,2,0,,
437,479,-78.0,58,True,False,animal_lost,lost,False,True,False,60,55,2,0,,
438,480,-100.0,100,False,True,max_steps,with_robot,False,False,False,19,81,2,0,87,
439,481,-100.0,100,False,True,max_steps,awaiting,False,False,False,27,73,2,0,,
440,482,-119.0,99,True,False,animal_lost,lost,False,True,False,13,87,2,0,,
441,483,-100.0,100,False,True,max_steps,with_robot,False,False,False,29,73,2,0,51,
442,484,-93.0,73,True,False,animal_lost,lost,False,True,False,23,77,2,0,,
443,485,-100.0,100,False,True,max_steps,awaiting,False,False,False,51,87,2,0,,
444,486,-100.0,100,False,True,max_steps,awaiting,False,False,False,29,71,2,0,,
445,487,-99.0,79,True,False,animal_lost,lost,False,True,False,37,63,2,0,,
446,488,-73.0,53,True,False,animal_lost,lost,False,True,False,88,52,2,0,,
447,489,-100.0,100,False,True,max_steps,awaiting,False,False,False,68,72,2,0,,
448,490,-84.0,64,True,False,animal_lost,lost,False,True,False,72,48,2,0,,
449,491,-82.0,62,True,False,animal_lost,lost,False,True,False,61,79,2,0,,
450,492,-100.0,100,False,True,max_steps,awaiting,False,False,False,19,81,2,0,,
451,493,-100.0,100,False,True,max_steps,with_robot,False,False,False,55,80,2,0,20,
452,494,-100.0,100,False,True,max_steps,awaiting,False,False,False,65,52,2,0,,
453,495,-100.0,100,False,True,max_steps,awaiting,False,False,False,19,81,2,0,,
454,496,-100.0,100,False,True,max_steps,awaiting,False,False,False,85,75,2,0,,
455,497,-100.0,100,False,True,max_steps,with_robot,False,False,False,19,81,2,0,79,
456,498,-100.0,100,False,True,max_steps,with_robot,False,False,False,21,79,2,0,59,
457,499,-100.0,100,False,True,max_steps,with_robot,False,False,False,36,79,2,0,69,
458,500,-98.0,78,True,False,animal_lost,lost,False,True,False,29,71,2,0,,
459,501,-100.0,100,False,True,max_steps,awaiting,False,False,False,3,97,2,0,,
460,502,-93.0,73,True,False,animal_lost,lost,False,True,False,29,71,2,0,,
461,503,-100.0,100,False,True,max_steps,with_robot,False,False,False,23,77,2,0,56,
462,504,-82.0,62,True,False,animal_lost,lost,False,True,False,63,57,2,0,,
463,505,-100.0,100,False,True,max_steps,awaiting,False,False,False,69,52,2,0,,
464,506,-100.0,100,False,True,max_steps,awaiting,False,False,False,30,78,2,0,,
465,507,-97.0,77,True,False,animal_lost,lost,False,True,False,63,77,2,0,,
466,508,-113.0,93,True,False,animal_lost,lost,False,True,False,24,82,2,0,,
467,509,-90.0,70,True,False,animal_lost,lost,False,True,False,52,65,2,0,,
468,510,-68.0,53,True,False,animal_lost,lost,False,True,False,42,58,2,1,,
469,511,-100.0,100,False,True,max_steps,with_robot,False,False,False,41,76,2,0,74,
470,512,-100.0,100,False,True,max_steps,awaiting,False,False,False,55,84,2,0,,
471,513,-115.0,95,True,False,animal_lost,lost,False,True,False,22,78,2,0,,
472,514,-106.0,86,True,False,animal_lost,lost,False,True,False,30,70,2,0,,
473,515,-80.0,60,True,False,animal_lost,lost,False,True,False,37,63,2,0,,
474,516,-100.0,100,False,True,max_steps,with_robot,False,False,False,25,75,2,0,100,
475,517,-115.0,95,True,False,animal_lost,lost,False,True,False,50,90,2,0,,
476,518,-118.0,98,True,False,animal_lost,lost,False,True,False,72,72,2,0,,
477,519,-74.0,54,True,False,animal_lost,lost,False,True,False,58,62,2,0,,
478,520,-100.0,100,False,True,max_steps,awaiting,False,False,False,27,93,2,0,,
479,521,-98.0,78,True,False,animal_lost,lost,False,True,False,22,78,2,0,,
480,522,-95.0,100,False,True,max_steps,with_robot,False,False,False,47,93,2,1,43,
481,523,-100.0,100,False,True,max_steps,with_robot,False,False,False,51,89,2,0,50,
482,524,-119.0,99,True,False,animal_lost,lost,False,True,False,27,73,2,0,,
483,525,-109.0,89,True,False,animal_lost,lost,False,True,False,23,77,2,0,,
484,526,-97.0,82,True,False,animal_lost,lost,False,True,False,69,31,1,1,,
485,527,-115.0,95,True,False,animal_lost,lost,False,True,False,23,77,2,0,,
486,528,-95.0,100,False,True,max_steps,awaiting,False,False,False,4,96,2,1,,
487,529,-100.0,100,False,True,max_steps,awaiting,False,False,False,45,95,2,0,,
488,530,-110.0,95,True,False,animal_lost,lost,False,True,False,33,67,2,1,,
489,531,-104.0,84,True,False,animal_lost,lost,False,True,False,51,69,2,0,,
490,532,-79.0,59,True,False,animal_lost,lost,False,True,False,29,71,2,0,,
491,533,-110.0,90,True,False,animal_lost,lost,False,True,False,31,84,2,0,,
492,534,-109.0,89,True,False,animal_lost,lost,False,True,False,12,88,2,0,,
493,535,-80.0,65,True,False,animal_lost,lost,False,True,False,38,62,2,1,,
494,536,-74.0,59,True,False,animal_lost,lost,False,True,False,46,54,2,1,,
495,537,-58.0,38,True,False,animal_lost,lost,False,True,False,47,53,2,0,,
496,538,-100.0,100,False,True,max_steps,with_robot,False,False,False,25,97,2,0,55,
497,539,-101.0,81,True,False,animal_lost,lost,False,True,False,54,66,2,0,,
498,540,-75.0,55,True,False,animal_lost,lost,False,True,False,41,59,2,0,,
499,541,-100.0,100,False,True,max_steps,awaiting,False,False,False,39,81,2,0,,
500,542,-87.0,67,True,False,animal_lost,lost,False,True,False,40,75,2,0,,
501,543,-100.0,100,False,True,max_steps,with_robot,False,False,False,44,56,2,0,35,
502,544,-100.0,100,False,True,max_steps,awaiting,False,False,False,25,90,2,0,,
503,545,-113.0,93,True,False,animal_lost,lost,False,True,False,32,87,2,0,,
504,546,-95.0,100,False,True,max_steps,awaiting,False,False,False,49,70,2,1,,
505,547,-100.0,100,False,True,max_steps,awaiting,False,False,False,7,93,2,0,,
506,548,-71.0,51,True,False,animal_lost,lost,False,True,False,40,60,2,0,,
507,549,-100.0,100,False,True,max_steps,awaiting,False,False,False,39,61,2,0,,
508,550,-84.0,64,True,False,animal_lost,lost,False,True,False,66,49,2,0,,
509,551,-75.0,55,True,False,animal_lost,lost,False,True,False,46,54,2,0,,
510,552,-100.0,100,False,True,max_steps,with_robot,False,False,False,6,94,2,0,11,
511,553,-100.0,100,False,True,max_steps,awaiting,False,False,False,25,90,2,0,,
512,554,-100.0,100,False,True,max_steps,with_robot,False,False,False,22,78,2,0,78,
513,555,-100.0,100,False,True,max_steps,with_robot,False,False,False,42,58,2,0,20,
514,556,-100.0,100,False,True,max_steps,with_robot,False,False,False,35,65,2,0,26,
515,557,-100.0,100,False,True,max_steps,awaiting,False,False,False,50,65,2,0,,
516,558,-100.0,100,False,True,max_steps,with_robot,False,False,False,21,79,2,0,30,
517,559,-103.0,83,True,False,animal_lost,lost,False,True,False,84,72,2,0,,
518,560,-101.0,81,True,False,animal_lost,lost,False,True,False,76,73,2,0,,
519,561,-100.0,100,False,True,max_steps,with_robot,False,False,False,22,78,2,0,65,
520,562,-99.0,79,True,False,animal_lost,lost,False,True,False,46,74,2,0,,
521,563,-102.0,82,True,False,animal_lost,lost,False,True,False,84,76,2,0,,
522,564,-100.0,100,False,True,max_steps,awaiting,False,False,False,35,85,2,0,,
523,565,-100.0,100,False,True,max_steps,awaiting,False,False,False,16,84,2,0,,
524,566,-100.0,100,False,True,max_steps,awaiting,False,False,False,69,71,2,0,,
525,567,-100.0,100,False,True,max_steps,with_robot,False,False,False,68,70,2,0,56,
526,568,-100.0,100,False,True,max_steps,with_robot,False,False,False,19,96,2,0,30,
527,569,-100.0,100,False,True,max_steps,awaiting,False,False,False,36,83,2,0,,
528,570,-59.0,44,True,False,animal_lost,lost,False,True,False,40,60,2,1,,
529,571,-100.0,100,False,True,max_steps,with_robot,False,False,False,31,69,2,0,54,
530,572,-100.0,80,True,False,animal_lost,lost,False,True,False,94,62,2,0,,
531,573,-100.0,100,False,True,max_steps,with_robot,False,False,False,21,79,2,0,22,
532,574,-100.0,100,False,True,max_steps,with_robot,False,False,False,66,89,2,0,29,
533,575,-100.0,100,False,True,max_steps,with_robot,False,False,False,25,75,2,0,56,
534,576,-100.0,100,False,True,max_steps,awaiting,False,False,False,20,100,2,0,,
535,577,-116.0,96,True,False,animal_lost,lost,False,True,False,41,79,2,0,,
536,578,-51.0,31,True,False,animal_lost,lost,False,True,False,72,47,2,0,,
537,579,-118.0,98,True,False,animal_lost,lost,False,True,False,63,85,2,0,,
538,580,-100.0,100,False,True,max_steps,awaiting,False,False,False,19,81,2,0,,
539,581,-100.0,100,False,True,max_steps,awaiting,False,False,False,74,86,2,0,,
540,582,-100.0,100,False,True,max_steps,with_robot,False,False,False,50,65,2,0,33,
541,583,-100.0,100,False,True,max_steps,awaiting,False,False,False,42,77,2,0,,
542,584,-100.0,100,False,True,max_steps,awaiting,False,False,False,9,91,2,0,,
543,585,-107.0,87,True,False,animal_lost,lost,False,True,False,50,74,2,0,,
544,586,-100.0,100,False,True,max_steps,with_robot,False,False,False,32,83,2,0,42,
545,587,-95.0,100,False,True,max_steps,with_robot,False,False,False,26,74,2,1,41,
546,588,-100.0,100,False,True,max_steps,awaiting,False,False,False,41,79,2,0,,
547,589,-73.0,53,True,False,animal_lost,lost,False,True,False,89,49,2,0,,
548,590,-100.0,100,False,True,max_steps,awaiting,False,False,False,65,77,2,0,,
549,591,-100.0,100,False,True,max_steps,awaiting,False,False,False,56,63,2,0,,
550,592,-100.0,100,False,True,max_steps,awaiting,False,False,False,35,85,2,0,,
551,593,-100.0,100,False,True,max_steps,with_robot,False,False,False,39,76,2,0,61,
552,594,-100.0,100,False,True,max_steps,with_robot,False,False,False,6,94,2,0,45,
553,595,-99.0,79,True,False,animal_lost,lost,False,True,False,49,71,2,0,,
554,596,-100.0,100,False,True,max_steps,awaiting,False,False,False,84,51,2,0,,
555,597,-100.0,100,False,True,max_steps,awaiting,False,False,False,36,84,2,0,,
556,598,-100.0,100,False,True,max_steps,with_robot,False,False,False,20,82,2,0,47,
557,599,-119.0,99,True,False,animal_lost,lost,False,True,False,45,89,2,0,,
558,600,-100.0,100,False,True,max_steps,with_robot,False,False,False,18,82,2,0,28,
559,601,-98.0,78,True,False,animal_lost,lost,False,True,False,32,68,2,0,,
560,602,-89.0,69,True,False,animal_lost,lost,False,True,False,23,77,2,0,,
561,603,-120.0,100,True,False,animal_lost,lost,False,True,False,18,82,2,0,,
562,604,-101.0,81,True,False,animal_lost,lost,False,True,False,92,64,2,0,,
563,605,-100.0,100,False,True,max_steps,awaiting,False,False,False,21,79,2,0,,
564,606,-124.0,94,True,False,battery_depleted,awaiting,False,False,True,0,101,2,0,,
565,607,-100.0,100,False,True,max_steps,awaiting,False,False,False,14,86,2,0,,
566,608,-100.0,100,False,True,max_steps,awaiting,False,False,False,45,72,2,0,,
567,609,-54.0,34,True,False,animal_lost,lost,False,True,False,53,47,2,0,,
568,610,-100.0,100,False,True,max_steps,with_robot,False,False,False,30,70,2,0,14,
569,611,-100.0,100,False,True,max_steps,awaiting,False,False,False,16,84,2,0,,
570,612,-108.0,88,True,False,animal_lost,lost,False,True,False,69,79,2,0,,
571,613,-100.0,100,False,True,max_steps,with_robot,False,False,False,23,77,2,0,51,
572,614,-102.0,82,True,False,animal_lost,lost,False,True,False,38,62,2,0,,
573,615,-78.0,58,True,False,animal_lost,lost,False,True,False,32,68,2,0,,
574,616,-95.0,100,False,True,max_steps,with_robot,False,False,False,10,90,2,1,49,
575,617,-100.0,100,False,True,max_steps,awaiting,False,False,False,13,87,2,0,,
576,618,-100.0,100,False,True,max_steps,awaiting,False,False,False,58,79,2,0,,
577,619,-100.0,100,False,True,max_steps,awaiting,False,False,False,14,86,2,0,,
578,620,-100.0,100,False,True,max_steps,with_robot,False,False,False,29,71,2,0,52,
579,621,-100.0,100,False,True,max_steps,awaiting,False,False,False,24,76,2,0,,
580,622,-75.0,55,True,False,animal_lost,lost,False,True,False,38,62,2,0,,
581,623,-100.0,100,False,True,max_steps,with_robot,False,False,False,63,81,2,0,94,
582,624,-100.0,100,False,True,max_steps,with_robot,False,False,False,54,46,2,0,11,
583,625,-104.0,84,True,False,animal_lost,lost,False,True,False,9,91,2,0,,
584,626,-91.0,71,True,False,animal_lost,lost,False,True,False,52,65,2,0,,
585,627,-100.0,100,False,True,max_steps,with_robot,False,False,False,24,76,2,0,42,
586,628,-106.0,86,True,False,animal_lost,lost,False,True,False,14,86,2,0,,
587,629,-100.0,80,True,False,animal_lost,lost,False,True,False,51,64,2,0,,
588,630,-100.0,100,False,True,max_steps,awaiting,False,False,False,38,82,2,0,,
589,631,-112.0,82,True,False,battery_depleted,awaiting,False,False,True,0,100,2,0,,
590,632,-100.0,100,False,True,max_steps,awaiting,False,False,False,74,86,2,0,,
591,633,-100.0,100,False,True,max_steps,with_robot,False,False,False,13,87,2,0,65,
592,634,-100.0,100,False,True,max_steps,awaiting,False,False,False,42,75,2,0,,
593,635,-100.0,80,True,False,animal_lost,lost,False,True,False,87,65,2,0,,
594,636,-100.0,100,False,True,max_steps,with_robot,False,False,False,7,93,2,0,27,
595,637,-79.0,59,True,False,animal_lost,lost,False,True,False,39,65,2,0,,
596,638,-100.0,100,False,True,max_steps,with_robot,False,False,False,28,72,2,0,38,
597,639,-77.0,57,True,False,animal_lost,lost,False,True,False,63,57,2,0,,
598,640,-100.0,100,False,True,max_steps,awaiting,False,False,False,70,66,2,0,,
599,641,-100.0,100,False,True,max_steps,with_robot,False,False,False,27,73,2,0,60,
600,642,-100.0,100,False,True,max_steps,with_robot,False,False,False,41,79,2,0,61,
601,643,-101.0,81,True,False,animal_lost,lost,False,True,False,25,75,2,0,,
602,644,-104.0,84,True,False,animal_lost,lost,False,True,False,37,63,2,0,,
603,645,-100.0,100,False,True,max_steps,with_robot,False,False,False,47,82,2,0,57,
604,646,-116.0,96,True,False,animal_lost,lost,False,True,False,14,86,2,0,,
605,647,-100.0,100,False,True,max_steps,awaiting,False,False,False,17,83,2,0,,
606,648,-89.0,69,True,False,animal_lost,lost,False,True,False,50,70,2,0,,
607,649,-68.0,48,True,False,animal_lost,lost,False,True,False,66,51,2,0,,
608,650,-99.0,79,True,False,animal_lost,lost,False,True,False,45,75,2,0,,
609,651,-100.0,100,False,True,max_steps,awaiting,False,False,False,41,76,2,0,,
610,652,-64.0,44,True,False,animal_lost,lost,False,True,False,43,57,2,0,,
611,653,-108.0,88,True,False,animal_lost,lost,False,True,False,48,52,2,0,,
612,654,-100.0,100,False,True,max_steps,awaiting,False,False,False,24,96,2,0,,
613,655,-100.0,100,False,True,max_steps,with_robot,False,False,False,23,97,2,0,17,
614,656,-79.0,59,True,False,animal_lost,lost,False,True,False,30,70,2,0,,
615,657,-100.0,100,False,True,max_steps,awaiting,False,False,False,69,65,2,0,,
616,658,-88.0,68,True,False,animal_lost,lost,False,True,False,16,84,2,0,,
617,659,-92.0,72,True,False,animal_lost,lost,False,True,False,41,59,2,0,,
618,660,-100.0,100,False,True,max_steps,awaiting,False,False,False,18,82,2,0,,
619,661,-100.0,100,False,True,max_steps,awaiting,False,False,False,47,89,2,0,,
620,662,-59.0,44,True,False,animal_lost,lost,False,True,False,44,56,2,1,,
621,663,-113.0,93,True,False,animal_lost,lost,False,True,False,33,67,2,0,,
622,664,-101.0,81,True,False,animal_lost,lost,False,True,False,38,62,2,0,,
623,665,-100.0,100,False,True,max_steps,awaiting,False,False,False,29,71,2,0,,
624,666,-115.0,95,True,False,animal_lost,lost,False,True,False,51,89,2,0,,
625,667,-74.0,54,True,False,animal_lost,lost,False,True,False,61,58,2,0,,
626,668,-100.0,100,False,True,max_steps,with_robot,False,False,False,37,80,2,0,24,
627,669,-100.0,100,False,True,max_steps,awaiting,False,False,False,51,89,2,0,,
628,670,-100.0,100,False,True,max_steps,with_robot,False,False,False,62,70,2,0,27,
629,671,-75.0,55,True,False,animal_lost,lost,False,True,False,60,57,2,0,,
630,672,-100.0,100,False,True,max_steps,awaiting,False,False,False,79,76,2,0,,
631,673,-77.0,57,True,False,animal_lost,lost,False,True,False,47,68,2,0,,
632,674,-50.0,30,True,False,animal_lost,lost,False,True,False,48,52,2,0,,
633,675,-100.0,100,False,True,max_steps,with_robot,False,False,False,40,60,2,0,36,
634,676,-110.0,90,True,False,animal_lost,lost,False,True,False,17,83,2,0,,
635,677,-100.0,100,False,True,max_steps,awaiting,False,False,False,30,70,2,0,,
636,678,-84.0,64,True,False,animal_lost,lost,False,True,False,37,63,2,0,,
637,679,-95.0,100,False,True,max_steps,with_robot,False,False,False,26,74,2,1,66,
638,680,-100.0,80,True,False,animal_lost,lost,False,True,False,23,77,2,0,,
639,681,-100.0,100,False,True,max_steps,awaiting,False,False,False,99,61,2,0,,
640,682,-97.0,77,True,False,animal_lost,lost,False,True,False,44,75,2,0,,
641,683,-99.0,79,True,False,animal_lost,lost,False,True,False,99,67,2,0,,
642,684,-29.0,49,True,False,success,saved,True,False,False,39,61,2,0,21,49
643,685,-124.0,94,True,False,battery_depleted,awaiting,False,False,True,0,101,2,0,,
644,686,-110.0,90,True,False,animal_lost,lost,False,True,False,33,67,2,0,,
645,687,-100.0,100,False,True,max_steps,awaiting,False,False,False,75,83,2,0,,
646,688,-62.0,42,True,False,animal_lost,lost,False,True,False,38,62,2,0,,
647,689,-100.0,100,False,True,max_steps,awaiting,False,False,False,82,70,2,0,,
648,690,-100.0,100,False,True,max_steps,awaiting,False,False,False,51,64,2,0,,
649,691,-100.0,100,False,True,max_steps,with_robot,False,False,False,49,89,2,0,76,
650,692,-100.0,100,False,True,max_steps,with_robot,False,False,False,13,87,2,0,47,
651,693,-95.0,75,True,False,animal_lost,lost,False,True,False,72,63,2,0,,
652,694,-100.0,100,False,True,max_steps,with_robot,False,False,False,27,73,2,0,28,
653,695,-100.0,100,False,True,max_steps,awaiting,False,False,False,65,71,2,0,,
654,696,-100.0,100,False,True,max_steps,awaiting,False,False,False,74,84,2,0,,
655,697,-100.0,100,False,True,max_steps,with_robot,False,False,False,14,86,2,0,25,
656,698,-80.0,60,True,False,animal_lost,lost,False,True,False,42,58,2,0,,
657,699,-100.0,100,False,True,max_steps,awaiting,False,False,False,64,75,2,0,,
658,700,-126.0,96,True,False,battery_depleted,awaiting,False,False,True,0,101,2,0,,
659,701,-100.0,100,False,True,max_steps,awaiting,False,False,False,41,59,2,0,,
660,702,-100.0,100,False,True,max_steps,with_robot,False,False,False,10,90,2,0,37,
661,703,-67.0,47,True,False,animal_lost,lost,False,True,False,67,53,2,0,,
662,704,-100.0,100,False,True,max_steps,awaiting,False,False,False,30,70,2,0,,
663,705,-100.0,100,False,True,max_steps,with_robot,False,False,False,60,80,2,0,14,
664,706,-100.0,100,False,True,max_steps,awaiting,False,False,False,78,82,2,0,,
665,707,-100.0,100,False,True,max_steps,awaiting,False,False,False,42,58,2,0,,
666,708,-110.0,90,True,False,animal_lost,lost,False,True,False,45,55,2,0,,
667,709,-86.0,66,True,False,animal_lost,lost,False,True,False,53,62,2,0,,
668,710,-87.0,67,True,False,animal_lost,lost,False,True,False,57,43,2,0,,
669,711,-100.0,100,False,True,max_steps,with_robot,False,False,False,28,74,2,0,42,
670,712,-100.0,100,False,True,max_steps,awaiting,False,False,False,10,90,2,0,,
671,713,-62.0,47,True,False,animal_lost,lost,False,True,False,37,63,2,1,,
672,714,-78.0,58,True,False,animal_lost,lost,False,True,False,86,58,2,0,,
673,715,-105.0,85,True,False,animal_lost,lost,False,True,False,26,74,2,0,,
674,716,-100.0,100,False,True,max_steps,with_robot,False,False,False,39,83,2,0,77,
675,717,-100.0,100,False,True,max_steps,with_robot,False,False,False,25,75,2,0,43,
676,718,-100.0,100,False,True,max_steps,with_robot,False,False,False,11,89,2,0,52,
677,719,-100.0,100,False,True,max_steps,awaiting,False,False,False,39,61,2,0,,
678,720,-118.0,98,True,False,animal_lost,lost,False,True,False,91,75,2,0,,
679,721,-100.0,100,False,True,max_steps,with_robot,False,False,False,14,90,2,0,58,
680,722,-100.0,100,False,True,max_steps,with_robot,False,False,False,8,92,2,0,57,
681,723,-59.0,39,True,False,animal_lost,lost,False,True,False,58,57,2,0,,
682,724,-100.0,100,False,True,max_steps,with_robot,False,False,False,13,87,2,0,41,
683,725,-100.0,100,False,True,max_steps,with_robot,False,False,False,48,72,2,0,33,
684,726,-100.0,100,False,True,max_steps,awaiting,False,False,False,16,84,2,0,,
685,727,-74.0,54,True,False,animal_lost,lost,False,True,False,38,62,2,0,,
686,728,-102.0,82,True,False,animal_lost,lost,False,True,False,37,78,2,0,,
687,729,-100.0,100,False,True,max_steps,awaiting,False,False,False,27,73,2,0,,
688,730,-117.0,97,True,False,animal_lost,lost,False,True,False,24,76,2,0,,
689,731,-100.0,100,False,True,max_steps,awaiting,False,False,False,16,84,2,0,,
690,732,-95.0,100,False,True,max_steps,with_robot,False,False,False,38,62,2,1,9,
691,733,-100.0,100,False,True,max_steps,with_robot,False,False,False,26,74,2,0,49,
692,734,-100.0,100,False,True,max_steps,awaiting,False,False,False,48,67,2,0,,
693,735,-100.0,100,False,True,max_steps,with_robot,False,False,False,45,75,2,0,79,
694,736,-96.0,76,True,False,animal_lost,lost,False,True,False,20,80,2,0,,
695,737,-100.0,80,True,False,animal_lost,lost,False,True,False,25,75,2,0,,
696,738,-86.0,66,True,False,animal_lost,lost,False,True,False,52,63,2,0,,
697,739,-100.0,100,False,True,max_steps,awaiting,False,False,False,30,85,2,0,,
698,740,-82.0,62,True,False,animal_lost,lost,False,True,False,75,65,2,0,,
699,741,-100.0,100,False,True,max_steps,awaiting,False,False,False,70,70,2,0,,
700,742,-100.0,100,False,True,max_steps,with_robot,False,False,False,84,82,2,0,36,
701,743,-99.0,79,True,False,animal_lost,lost,False,True,False,23,77,2,0,,
702,744,-112.0,92,True,False,animal_lost,lost,False,True,False,25,75,2,0,,
703,745,-100.0,100,False,True,max_steps,with_robot,False,False,False,20,80,2,0,62,
704,746,-100.0,100,False,True,max_steps,awaiting,False,False,False,44,71,2,0,,
705,747,-100.0,100,False,True,max_steps,with_robot,False,False,False,19,81,2,0,37,
706,748,-71.0,51,True,False,animal_lost,lost,False,True,False,40,60,2,0,,
707,749,-76.0,56,True,False,animal_lost,lost,False,True,False,60,60,2,0,,
708,750,-85.0,65,True,False,animal_lost,lost,False,True,False,60,60,2,0,,
709,751,-100.0,100,False,True,max_steps,with_robot,False,False,False,72,76,2,0,50,
710,752,-100.0,100,False,True,max_steps,with_robot,False,False,False,14,86,2,0,61,
711,753,-95.0,100,False,True,max_steps,awaiting,False,False,False,42,78,2,1,,
712,754,-83.0,63,True,False,animal_lost,lost,False,True,False,84,68,2,0,,
713,755,-100.0,100,False,True,max_steps,with_robot,False,False,False,16,84,2,0,64,
714,756,-100.0,100,False,True,max_steps,with_robot,False,False,False,71,46,2,0,40,
715,757,-112.0,92,True,False,animal_lost,lost,False,True,False,12,88,2,0,,
716,758,-73.0,53,True,False,animal_lost,lost,False,True,False,57,58,2,0,,
717,759,-100.0,100,False,True,max_steps,with_robot,False,False,False,57,83,2,0,83,
718,760,-92.0,77,True,False,animal_lost,lost,False,True,False,17,83,2,1,,
719,761,-100.0,100,False,True,max_steps,awaiting,False,False,False,78,80,2,0,,
720,762,-95.0,100,False,True,max_steps,awaiting,False,False,False,14,86,2,1,,
721,763,-97.0,77,True,False,animal_lost,lost,False,True,False,61,62,2,0,,
722,764,-100.0,100,False,True,max_steps,awaiting,False,False,False,28,87,2,0,,
723,765,-100.0,100,False,True,max_steps,with_robot,False,False,False,37,63,2,0,36,
724,766,-100.0,100,False,True,max_steps,awaiting,False,False,False,47,73,2,0,,
725,767,-100.0,100,False,True,max_steps,awaiting,False,False,False,34,100,2,0,,
726,768,-94.0,74,True,False,animal_lost,lost,False,True,False,71,63,2,0,,
727,769,-100.0,100,False,True,max_steps,with_robot,False,False,False,36,64,2,0,32,
728,770,-89.0,69,True,False,animal_lost,lost,False,True,False,36,64,2,0,,
729,771,-100.0,100,False,True,max_steps,awaiting,False,False,False,47,53,2,0,,
730,772,-100.0,100,False,True,max_steps,awaiting,False,False,False,53,87,2,0,,
731,773,-100.0,100,False,True,max_steps,with_robot,False,False,False,20,80,2,0,50,
732,774,-100.0,100,False,True,max_steps,with_robot,False,False,False,65,77,2,0,80,
733,775,-100.0,100,False,True,max_steps,awaiting,False,False,False,57,78,2,0,,
734,776,-100.0,100,False,True,max_steps,with_robot,False,False,False,22,78,2,0,65,
735,777,-95.0,100,False,True,max_steps,awaiting,False,False,False,20,80,2,1,,
736,778,-97.0,77,True,False,animal_lost,lost,False,True,False,38,62,2,0,,
737,779,-100.0,100,False,True,max_steps,with_robot,False,False,False,20,80,2,0,47,
738,780,-82.0,62,True,False,animal_lost,lost,False,True,False,42,62,2,0,,
739,781,-62.0,42,True,False,animal_lost,lost,False,True,False,41,59,2,0,,
740,782,-106.0,86,True,False,animal_lost,lost,False,True,False,35,65,2,0,,
741,783,-100.0,100,False,True,max_steps,with_robot,False,False,False,12,88,2,0,81,
742,784,-100.0,100,False,True,max_steps,awaiting,False,False,False,84,78,2,0,,
743,785,-76.0,56,True,False,animal_lost,lost,False,True,False,40,60,2,0,,
744,786,-100.0,100,False,True,max_steps,awaiting,False,False,False,22,78,2,0,,
745,787,-100.0,100,False,True,max_steps,with_robot,False,False,False,46,94,2,0,18,
746,788,-105.0,85,True,False,animal_lost,lost,False,True,False,30,70,2,0,,
747,789,-100.0,100,False,True,max_steps,with_robot,False,False,False,14,86,2,0,66,
748,790,-61.0,41,True,False,animal_lost,lost,False,True,False,47,53,2,0,,
749,791,-100.0,100,False,True,max_steps,awaiting,False,False,False,26,74,2,0,,
750,792,-118.0,98,True,False,animal_lost,lost,False,True,False,80,74,2,0,,
751,793,-100.0,100,False,True,max_steps,with_robot,False,False,False,26,74,2,0,47,
752,794,-116.0,96,True,False,animal_lost,lost,False,True,False,55,81,2,0,,
753,795,-100.0,100,False,True,max_steps,awaiting,False,False,False,43,94,2,0,,
754,796,-100.0,100,False,True,max_steps,awaiting,False,False,False,44,75,2,0,,
755,797,-100.0,100,False,True,max_steps,with_robot,False,False,False,8,92,2,0,75,
756,798,-94.0,74,True,False,animal_lost,lost,False,True,False,36,66,2,0,,
757,799,-100.0,100,False,True,max_steps,with_robot,False,False,False,47,73,2,0,59,
758,800,-45.0,25,True,False,animal_lost,lost,False,True,False,54,46,2,0,,
759,801,-96.0,76,True,False,animal_lost,lost,False,True,False,31,69,2,0,,
760,802,-66.0,46,True,False,animal_lost,lost,False,True,False,42,58,2,0,,
761,803,-107.0,87,True,False,animal_lost,lost,False,True,False,30,70,2,0,,
762,804,-100.0,100,False,True,max_steps,awaiting,False,False,False,17,83,2,0,,
763,805,-106.0,86,True,False,animal_lost,lost,False,True,False,21,79,2,0,,
764,806,-100.0,100,False,True,max_steps,with_robot,False,False,False,17,83,2,0,32,
765,807,-76.0,56,True,False,animal_lost,lost,False,True,False,60,55,2,0,,
766,808,-100.0,100,False,True,max_steps,awaiting,False,False,False,17,83,2,0,,
767,809,-116.0,96,True,False,animal_lost,lost,False,True,False,12,88,2,0,,
768,810,-80.0,60,True,False,animal_lost,lost,False,True,False,77,63,2,0,,
769,811,-78.0,58,True,False,animal_lost,lost,False,True,False,39,61,2,0,,
770,812,-100.0,100,False,True,max_steps,with_robot,False,False,False,73,87,2,0,32,
771,813,-118.0,98,True,False,animal_lost,lost,False,True,False,26,74,2,0,,
772,814,-114.0,94,True,False,animal_lost,lost,False,True,False,32,88,2,0,,
773,815,-100.0,100,False,True,max_steps,awaiting,False,False,False,56,81,2,0,,
774,816,-75.0,60,True,False,animal_lost,lost,False,True,False,28,72,2,1,,
775,817,-106.0,86,True,False,animal_lost,lost,False,True,False,47,53,2,0,,
776,818,-85.0,65,True,False,animal_lost,lost,False,True,False,33,73,2,0,,
777,819,-100.0,100,False,True,max_steps,awaiting,False,False,False,31,84,2,0,,
778,820,-82.0,62,True,False,animal_lost,lost,False,True,False,45,70,2,0,,
779,821,-86.0,66,True,False,animal_lost,lost,False,True,False,77,63,2,0,,
780,822,-69.0,49,True,False,animal_lost,lost,False,True,False,62,55,2,0,,
781,823,-111.0,96,True,False,animal_lost,lost,False,True,False,13,87,2,1,,
782,824,-100.0,100,False,True,max_steps,awaiting,False,False,False,97,79,2,0,,
783,825,-100.0,100,False,True,max_steps,awaiting,False,False,False,40,80,2,0,,
784,826,-100.0,100,False,True,max_steps,with_robot,False,False,False,48,52,2,0,30,
785,827,-100.0,100,False,True,max_steps,awaiting,False,False,False,63,81,2,0,,
786,828,-100.0,100,False,True,max_steps,awaiting,False,False,False,94,62,2,0,,
787,829,-100.0,100,False,True,max_steps,awaiting,False,False,False,12,88,2,0,,
788,830,-83.0,63,True,False,animal_lost,lost,False,True,False,33,67,2,0,,
789,831,-111.0,91,True,False,animal_lost,lost,False,True,False,51,68,2,0,,
790,832,-100.0,100,False,True,max_steps,with_robot,False,False,False,43,72,2,0,26,
791,833,-100.0,100,False,True,max_steps,awaiting,False,False,False,32,88,2,0,,
792,834,-67.0,47,True,False,animal_lost,lost,False,True,False,37,63,2,0,,
793,835,-111.0,91,True,False,animal_lost,lost,False,True,False,59,76,2,0,,
794,836,-120.0,100,True,False,animal_lost,lost,False,True,False,59,81,2,0,,
795,837,-100.0,80,True,False,animal_lost,lost,False,True,False,76,67,2,0,,
796,838,-75.0,55,True,False,animal_lost,lost,False,True,False,28,72,2,0,,
797,839,-81.0,61,True,False,animal_lost,lost,False,True,False,38,62,2,0,,
798,840,-100.0,100,False,True,max_steps,awaiting,False,False,False,30,90,2,0,,
799,841,-100.0,100,False,True,max_steps,awaiting,False,False,False,25,75,2,0,,
800,842,-100.0,80,True,False,animal_lost,lost,False,True,False,28,76,2,0,,
801,843,-100.0,100,False,True,max_steps,with_robot,False,False,False,28,72,2,0,21,
802,844,-89.0,69,True,False,animal_lost,lost,False,True,False,54,66,2,0,,
803,845,-100.0,100,False,True,max_steps,awaiting,False,False,False,76,68,2,0,,
804,846,-76.0,56,True,False,animal_lost,lost,False,True,False,42,58,2,0,,
805,847,-108.0,88,True,False,animal_lost,lost,False,True,False,33,67,2,0,,
806,848,-126.0,96,True,False,battery_depleted,awaiting,False,False,True,0,100,2,0,,
807,849,-100.0,100,False,True,max_steps,with_robot,False,False,False,71,77,2,0,67,
808,850,-75.0,55,True,False,animal_lost,lost,False,True,False,39,61,2,0,,
809,851,-100.0,100,False,True,max_steps,with_robot,False,False,False,43,72,2,0,69,
810,852,-100.0,100,False,True,max_steps,awaiting,False,False,False,30,72,2,0,,
811,853,-100.0,100,False,True,max_steps,with_robot,False,False,False,37,85,2,0,52,
812,854,-111.0,91,True,False,animal_lost,lost,False,True,False,24,76,2,0,,
813,855,-100.0,100,False,True,max_steps,with_robot,False,False,False,25,75,2,0,69,
814,856,-115.0,95,True,False,animal_lost,lost,False,True,False,77,81,2,0,,
815,857,-100.0,100,False,True,max_steps,with_robot,False,False,False,50,50,2,0,27,
816,858,-89.0,69,True,False,animal_lost,lost,False,True,False,48,72,2,0,,
817,859,-100.0,100,False,True,max_steps,awaiting,False,False,False,5,95,2,0,,
818,860,-95.0,100,False,True,max_steps,awaiting,False,False,False,38,82,2,1,,
819,861,-100.0,100,False,True,max_steps,awaiting,False,False,False,66,55,2,0,,
820,862,-67.0,47,True,False,animal_lost,lost,False,True,False,38,62,2,0,,
821,863,-100.0,100,False,True,max_steps,awaiting,False,False,False,31,88,2,0,,
822,864,-100.0,100,False,True,max_steps,awaiting,False,False,False,26,74,2,0,,
823,865,-81.0,61,True,False,animal_lost,lost,False,True,False,40,60,2,0,,
824,866,-100.0,100,False,True,max_steps,awaiting,False,False,False,14,86,2,0,,
825,867,-100.0,100,False,True,max_steps,with_robot,False,False,False,21,79,2,0,37,
826,868,-124.0,94,True,False,battery_depleted,with_robot,False,False,True,0,101,2,0,55,
827,869,-79.0,64,True,False,animal_lost,lost,False,True,False,34,66,2,1,,
828,870,-100.0,100,False,True,max_steps,with_robot,False,False,False,26,94,2,0,53,
829,871,-100.0,100,False,True,max_steps,with_robot,False,False,False,23,97,2,0,24,
830,872,-112.0,92,True,False,animal_lost,lost,False,True,False,21,79,2,0,,
831,873,-89.0,69,True,False,animal_lost,lost,False,True,False,78,62,2,0,,
832,874,-60.0,45,True,False,animal_lost,lost,False,True,False,67,53,2,1,,
833,875,-100.0,100,False,True,max_steps,awaiting,False,False,False,71,73,2,0,,
834,876,-97.0,77,True,False,animal_lost,lost,False,True,False,79,65,2,0,,
835,877,-100.0,100,False,True,max_steps,awaiting,False,False,False,87,77,2,0,,
836,878,-95.0,100,False,True,max_steps,with_robot,False,False,False,20,80,2,1,51,
837,879,-100.0,100,False,True,max_steps,awaiting,False,False,False,32,70,2,0,,
838,880,-110.0,90,True,False,animal_lost,lost,False,True,False,70,65,2,0,,
839,881,-100.0,100,False,True,max_steps,with_robot,False,False,False,15,85,2,0,80,
840,882,-100.0,100,False,True,max_steps,with_robot,False,False,False,17,85,2,0,27,
841,883,-109.0,89,True,False,animal_lost,lost,False,True,False,40,75,2,0,,
842,884,-100.0,100,False,True,max_steps,with_robot,False,False,False,15,85,2,0,48,
843,885,-55.0,35,True,False,animal_lost,lost,False,True,False,99,39,2,0,,
844,886,-77.0,62,True,False,animal_lost,lost,False,True,False,40,60,2,1,,
845,887,-103.0,83,True,False,animal_lost,lost,False,True,False,33,82,2,0,,
846,888,-72.0,52,True,False,animal_lost,lost,False,True,False,24,76,2,0,,
847,889,-84.0,64,True,False,animal_lost,lost,False,True,False,37,63,2,0,,
848,890,-92.0,72,True,False,animal_lost,lost,False,True,False,89,59,2,0,,
849,891,-100.0,80,True,False,animal_lost,lost,False,True,False,61,76,2,0,,
850,892,-110.0,90,True,False,animal_lost,lost,False,True,False,42,75,2,0,,
851,893,-119.0,99,True,False,animal_lost,lost,False,True,False,33,67,2,0,,
852,894,-100.0,100,False,True,max_steps,with_robot,False,False,False,16,84,2,0,33,
853,895,-117.0,97,True,False,animal_lost,lost,False,True,False,31,89,2,0,,
854,896,-95.0,75,True,False,animal_lost,lost,False,True,False,32,68,2,0,,
855,897,-100.0,100,False,True,max_steps,with_robot,False,False,False,13,87,2,0,20,
856,898,-102.0,82,True,False,animal_lost,lost,False,True,False,51,89,2,0,,
857,899,-89.0,69,True,False,animal_lost,lost,False,True,False,62,75,2,0,,
858,900,-74.0,54,True,False,animal_lost,lost,False,True,False,48,52,2,0,,
859,901,-100.0,80,True,False,animal_lost,lost,False,True,False,47,74,2,0,,
860,902,-100.0,100,False,True,max_steps,with_robot,False,False,False,95,60,2,0,27,
861,903,-103.0,83,True,False,animal_lost,lost,False,True,False,73,67,2,0,,
862,904,-99.0,79,True,False,animal_lost,lost,False,True,False,50,70,2,0,,
863,905,-100.0,100,False,True,max_steps,awaiting,False,False,False,81,79,2,0,,
864,906,-120.0,100,True,False,animal_lost,lost,False,True,False,27,73,2,0,,
865,907,-69.0,49,True,False,animal_lost,lost,False,True,False,47,53,2,0,,
866,908,-107.0,92,True,False,animal_lost,lost,False,True,False,41,59,2,1,,
867,909,-116.0,96,True,False,animal_lost,lost,False,True,False,93,75,2,0,,
868,910,-100.0,100,False,True,max_steps,awaiting,False,False,False,31,89,2,0,,
869,911,-100.0,100,False,True,max_steps,awaiting,False,False,False,56,84,2,0,,
870,912,-61.0,41,True,False,animal_lost,lost,False,True,False,53,47,2,0,,
871,913,-95.0,75,True,False,animal_lost,lost,False,True,False,97,67,2,0,,
872,914,-100.0,100,False,True,max_steps,awaiting,False,False,False,18,82,2,0,,
873,915,-100.0,100,False,True,max_steps,with_robot,False,False,False,65,77,2,0,55,
874,916,-100.0,100,False,True,max_steps,with_robot,False,False,False,20,80,2,0,25,
875,917,-117.0,97,True,False,animal_lost,lost,False,True,False,85,75,2,0,,
876,918,-73.0,53,True,False,animal_lost,lost,False,True,False,83,49,2,0,,
877,919,-103.0,83,True,False,animal_lost,lost,False,True,False,26,74,2,0,,
878,920,-104.0,84,True,False,animal_lost,lost,False,True,False,65,75,2,0,,
879,921,-85.0,65,True,False,animal_lost,lost,False,True,False,57,63,2,0,,
880,922,-114.0,94,True,False,animal_lost,lost,False,True,False,52,79,2,0,,
881,923,-100.0,100,False,True,max_steps,awaiting,False,False,False,34,83,2,0,,
882,924,-91.0,71,True,False,animal_lost,lost,False,True,False,55,64,2,0,,
883,925,-100.0,100,False,True,max_steps,awaiting,False,False,False,18,82,2,0,,
884,926,-100.0,100,False,True,max_steps,awaiting,False,False,False,25,95,2,0,,
885,927,-100.0,100,False,True,max_steps,awaiting,False,False,False,49,91,2,0,,
886,928,-100.0,100,False,True,max_steps,awaiting,False,False,False,17,83,2,0,,
887,929,-100.0,100,False,True,max_steps,with_robot,False,False,False,17,83,2,0,26,
888,930,-119.0,99,True,False,animal_lost,lost,False,True,False,79,77,2,0,,
889,931,-100.0,100,False,True,max_steps,with_robot,False,False,False,22,78,2,0,47,
890,932,-100.0,100,False,True,max_steps,awaiting,False,False,False,96,82,2,0,,
891,933,-100.0,100,False,True,max_steps,awaiting,False,False,False,31,89,2,0,,
892,934,-100.0,100,False,True,max_steps,with_robot,False,False,False,26,89,2,0,44,
893,935,-93.0,73,True,False,animal_lost,lost,False,True,False,60,60,2,0,,
894,936,-100.0,100,False,True,max_steps,with_robot,False,False,False,48,86,2,0,61,
895,937,-112.0,92,True,False,animal_lost,lost,False,True,False,12,88,2,0,,
896,938,-100.0,100,False,True,max_steps,with_robot,False,False,False,28,72,2,0,65,
897,939,-100.0,100,False,True,max_steps,awaiting,False,False,False,17,83,2,0,,
898,940,-100.0,100,False,True,max_steps,awaiting,False,False,False,46,74,2,0,,
899,941,-89.0,69,True,False,animal_lost,lost,False,True,False,29,71,2,0,,
900,942,-100.0,100,False,True,max_steps,with_robot,False,False,False,22,78,2,0,85,
901,943,-98.0,78,True,False,animal_lost,lost,False,True,False,39,61,2,0,,
902,944,-100.0,100,False,True,max_steps,with_robot,False,False,False,30,70,2,0,39,
903,945,-106.0,86,True,False,animal_lost,lost,False,True,False,15,85,2,0,,
904,946,-100.0,100,False,True,max_steps,awaiting,False,False,False,22,78,2,0,,
905,947,-111.0,91,True,False,animal_lost,lost,False,True,False,6,94,2,0,,
906,948,-100.0,100,False,True,max_steps,with_robot,False,False,False,12,88,2,0,51,
907,949,-100.0,100,False,True,max_steps,awaiting,False,False,False,25,95,2,0,,
908,950,-101.0,81,True,False,animal_lost,lost,False,True,False,19,81,2,0,,
909,951,-106.0,86,True,False,animal_lost,lost,False,True,False,13,87,2,0,,
910,952,-88.0,68,True,False,animal_lost,lost,False,True,False,35,65,2,0,,
911,953,-89.0,69,True,False,animal_lost,lost,False,True,False,87,59,2,0,,
912,954,-100.0,100,False,True,max_steps,with_robot,False,False,False,27,93,2,0,22,
913,955,-81.0,61,True,False,animal_lost,lost,False,True,False,74,66,2,0,,
914,956,-59.0,79,True,False,success,saved,True,False,False,21,79,2,0,31,79
915,957,-100.0,100,False,True,max_steps,with_robot,False,False,False,33,67,2,0,56,
916,958,-100.0,100,False,True,max_steps,awaiting,False,False,False,83,79,2,0,,
917,959,-100.0,100,False,True,max_steps,awaiting,False,False,False,60,80,2,0,,
918,960,-89.0,69,True,False,animal_lost,lost,False,True,False,30,70,2,0,,
919,961,-95.0,100,False,True,max_steps,with_robot,False,False,False,28,72,2,1,17,
920,962,-83.0,63,True,False,animal_lost,lost,False,True,False,49,51,2,0,,
921,963,-100.0,100,False,True,max_steps,with_robot,False,False,False,4,98,2,0,87,
922,964,-68.0,48,True,False,animal_lost,lost,False,True,False,69,51,2,0,,
923,965,-100.0,100,False,True,max_steps,with_robot,False,False,False,39,61,2,0,30,
924,966,-100.0,100,False,True,max_steps,with_robot,False,False,False,36,64,2,0,42,
925,967,-111.0,91,True,False,animal_lost,lost,False,True,False,47,53,2,0,,
926,968,-114.0,94,True,False,animal_lost,lost,False,True,False,30,70,2,0,,
927,969,-105.0,85,True,False,animal_lost,lost,False,True,False,39,61,2,0,,
928,970,-101.0,81,True,False,animal_lost,lost,False,True,False,89,57,2,0,,
929,971,-100.0,100,False,True,max_steps,awaiting,False,False,False,25,95,2,0,,
930,972,-100.0,100,False,True,max_steps,with_robot,False,False,False,2,98,2,0,39,
931,973,-95.0,75,True,False,animal_lost,lost,False,True,False,61,78,2,0,,
932,974,-105.0,85,True,False,animal_lost,lost,False,True,False,44,71,2,0,,
933,975,-100.0,100,False,True,max_steps,with_robot,False,False,False,24,76,2,0,63,
934,976,-93.0,73,True,False,animal_lost,lost,False,True,False,54,61,2,0,,
935,977,-113.0,93,True,False,animal_lost,lost,False,True,False,51,69,2,0,,
936,978,-118.0,98,True,False,animal_lost,lost,False,True,False,38,77,2,0,,
937,979,-95.0,100,False,True,max_steps,with_robot,False,False,False,29,71,2,1,38,
938,980,-108.0,88,True,False,animal_lost,lost,False,True,False,28,74,2,0,,
939,981,-103.0,83,True,False,animal_lost,lost,False,True,False,23,77,2,0,,
940,982,-70.0,50,True,False,animal_lost,lost,False,True,False,49,51,2,0,,
941,983,-91.0,71,True,False,animal_lost,lost,False,True,False,47,75,2,0,,
942,984,-100.0,100,False,True,max_steps,with_robot,False,False,False,35,80,2,0,50,
943,985,-100.0,100,False,True,max_steps,with_robot,False,False,False,24,76,2,0,43,
944,986,-91.0,71,True,False,animal_lost,lost,False,True,False,59,61,2,0,,
945,987,-100.0,100,False,True,max_steps,awaiting,False,False,False,44,76,2,0,,
946,988,-100.0,100,False,True,max_steps,awaiting,False,False,False,59,81,2,0,,
947,989,-100.0,100,False,True,max_steps,awaiting,False,False,False,10,90,2,0,,
948,990,-100.0,100,False,True,max_steps,with_robot,False,False,False,22,78,2,0,31,
949,991,-56.0,36,True,False,animal_lost,lost,False,True,False,63,52,2,0,,
950,992,-100.0,100,False,True,max_steps,with_robot,False,False,False,24,78,2,0,33,
951,993,-70.0,50,True,False,animal_lost,lost,False,True,False,61,59,2,0,,
952,994,-100.0,100,False,True,max_steps,with_robot,False,False,False,37,83,2,0,80,
953,995,-114.0,94,True,False,animal_lost,lost,False,True,False,98,66,2,0,,
954,996,-71.0,51,True,False,animal_lost,lost,False,True,False,33,67,2,0,,
955,997,-100.0,100,False,True,max_steps,with_robot,False,False,False,35,65,2,0,71,
956,998,-100.0,100,False,True,max_steps,awaiting,False,False,False,44,77,2,0,,
957,999,-84.0,64,True,False,animal_lost,lost,False,True,False,54,66,2,0,,
958,1000,-109.0,89,True,False,animal_lost,lost,False,True,False,68,72,2,0,,
959,1001,-58.0,38,True,False,animal_lost,lost,False,True,False,66,51,2,0,,
960,1002,-71.0,51,True,False,animal_lost,lost,False,True,False,46,54,2,0,,
961,1003,-100.0,100,False,True,max_steps,awaiting,False,False,False,15,85,2,0,,
962,1004,-91.0,71,True,False,animal_lost,lost,False,True,False,27,73,2,0,,
963,1005,-100.0,100,False,True,max_steps,awaiting,False,False,False,22,84,2,0,,
964,1006,-100.0,100,False,True,max_steps,with_robot,False,False,False,17,83,2,0,59,
965,1007,-100.0,100,False,True,max_steps,with_robot,False,False,False,16,84,2,0,75,
966,1008,-66.0,46,True,False,animal_lost,lost,False,True,False,51,49,2,0,,
967,1009,-100.0,100,False,True,max_steps,awaiting,False,False,False,35,65,2,0,,
968,1010,-100.0,100,False,True,max_steps,with_robot,False,False,False,37,63,2,0,20,
969,1011,-100.0,100,False,True,max_steps,with_robot,False,False,False,6,94,2,0,52,
970,1012,-92.0,72,True,False,animal_lost,lost,False,True,False,28,72,2,0,,
971,1013,-100.0,100,False,True,max_steps,with_robot,False,False,False,59,81,2,0,83,
972,1014,-90.0,70,True,False,animal_lost,lost,False,True,False,91,61,2,0,,
973,1015,-100.0,85,True,False,animal_lost,lost,False,True,False,68,72,2,1,,
974,1016,-100.0,100,False,True,max_steps,awaiting,False,False,False,58,82,2,0,,
975,1017,-115.0,95,True,False,animal_lost,lost,False,True,False,15,85,2,0,,
976,1018,-98.0,78,True,False,animal_lost,lost,False,True,False,50,70,2,0,,
977,1019,-100.0,100,False,True,max_steps,awaiting,False,False,False,7,93,2,0,,
978,1020,-100.0,100,False,True,max_steps,awaiting,False,False,False,21,79,2,0,,
979,1021,-108.0,88,True,False,animal_lost,lost,False,True,False,9,91,2,0,,
980,1022,-100.0,100,False,True,max_steps,awaiting,False,False,False,20,80,2,0,,
981,1023,-109.0,89,True,False,animal_lost,lost,False,True,False,56,81,2,0,,
982,1024,-100.0,100,False,True,max_steps,with_robot,False,False,False,28,72,2,0,53,
983,1025,-111.0,91,True,False,animal_lost,lost,False,True,False,39,61,2,0,,
984,1026,-100.0,100,False,True,max_steps,awaiting,False,False,False,44,56,2,0,,
985,1027,-95.0,100,False,True,max_steps,with_robot,False,False,False,21,79,2,1,26,
986,1028,-100.0,100,False,True,max_steps,awaiting,False,False,False,47,68,2,0,,
987,1029,-46.0,26,True,False,animal_lost,lost,False,True,False,56,44,2,0,,
988,1030,-70.0,50,True,False,animal_lost,lost,False,True,False,42,58,2,0,,
989,1031,-90.0,70,True,False,animal_lost,lost,False,True,False,77,62,2,0,,
990,1032,-100.0,100,False,True,max_steps,with_robot,False,False,False,31,69,2,0,39,
991,1033,-71.0,51,True,False,animal_lost,lost,False,True,False,82,54,2,0,,
992,1034,-100.0,100,False,True,max_steps,with_robot,False,False,False,32,68,2,0,14,
993,1035,-90.0,70,True,False,animal_lost,lost,False,True,False,53,67,2,0,,
994,1036,-100.0,100,False,True,max_steps,with_robot,False,False,False,48,52,2,0,37,
995,1037,-91.0,71,True,False,animal_lost,lost,False,True,False,53,67,2,0,,
996,1038,-63.0,43,True,False,animal_lost,lost,False,True,False,42,58,2,0,,
997,1039,-100.0,100,False,True,max_steps,awaiting,False,False,False,12,88,2,0,,
998,1040,-95.0,75,True,False,animal_lost,lost,False,True,False,59,61,2,0,,
999,1041,-100.0,100,False,True,max_steps,with_robot,False,False,False,41,79,2,0,61,
